BestEpoch:,293,Bestloss:,0.03378386035629158
0,1,2,3,4,5,6,7,8,9,10,11,12,13,14,15,16,17,18,19,20,21,22,23,24,25,26,27,28,29,30,31,32,33,34,35,36,37,38,39,40,41,42,43,44,45,46,47,48,49,50,51,52,53,54,55,56,57,58,59,60,61,62,63,64,65,66,67,68,69,70,71,72,73,74,75,76,77,78,79,80,81,82,83,84,85,86,87,88,89,90,91,92,93,94,95,96,97,98,99,100,101,102,103,104,105,106,107,108,109,110,111,112,113,114,115,116,117,118,119,120,121,122,123,124,125,126,127,128,129,130,131,132,133,134,135,136,137,138,139,140,141,142,143,144,145,146,147,148,149,150,151,152,153,154,155,156,157,158,159,160,161,162,163,164,165,166,167,168,169,170,171,172,173,174,175,176,177,178,179,180,181,182,183,184,185,186,187,188,189,190,191,192,193,194,195,196,197,198,199,200,201,202,203,204,205,206,207,208,209,210,211,212,213,214,215,216,217,218,219,220,221,222,223,224,225,226,227,228,229,230,231,232,233,234,235,236,237,238,239,240,241,242,243,244,245,246,247,248,249,250,251,252,253,254,255,256,257,258,259,260,261,262,263,264,265,266,267,268,269,270,271,272,273,274,275,276,277,278,279,280,281,282,283,284,285,286,287,288,289,290,291,292,293,294,295,296,297,298,299,300
loss/Train,2.5650597178347976,2.0012335865754185,1.6702817984493323,1.410903915348609,1.210041491894444,1.056197335834995,0.938867762925379,0.8461089433575959,0.7718810497244377,0.713100372381809,0.6635499807483947,0.6229568955409153,0.5871273419581721,0.5571602266331959,0.5314065843018716,0.507641492276181,0.48713707353234825,0.4691367723816179,0.4516515231854178,0.4368366108213305,0.42267300167826793,0.40979666386484564,0.39771189454425077,0.38699520087963796,0.3763539216443562,0.3680847131784989,0.3589831681629735,0.35079685979827635,0.3430944886676666,0.33549606963791656,0.32815481490484805,0.3216792895788569,0.31495364267596215,0.31003743053952676,0.30312137301393155,0.2984546471303621,0.2933288622062837,0.28809392595571787,0.2838117594843221,0.27817366799765636,0.27463234190248587,0.26454097001809174,0.2602196458075613,0.2567487830137458,0.25242108911810435,0.2437610926716317,0.23986537517988094,0.23673841549342522,0.23422370742455192,0.22684180604569582,0.22378253466679376,0.22065470735187487,0.21784126923958283,0.21566778102664136,0.2090227142945266,0.20653442248969334,0.20446107006995132,0.20243026477372433,0.1969258605381432,0.19491278346911942,0.19258409448870095,0.19073662224639157,0.18604978111493214,0.1839825221809304,0.18223613398692534,0.17756472635730233,0.17560589971196225,0.17165095760683308,0.1693859150658274,0.16857761558429277,0.16437670626080356,0.16291238951743184,0.161425550011375,0.16042678421989684,0.1569730375580189,0.15564102470841376,0.15459756738268207,0.15332670641453278,0.15018754924058647,0.14659706043923115,0.14486762159775457,0.1443752368202124,0.14421768492680762,0.14247066898964714,0.14024495126955178,0.1390075662461498,0.13835696528912125,0.13765107892754366,0.13524429182534528,0.13360627422551938,0.13183230201091467,0.13067213381419268,0.1281282813492912,0.12719973742193438,0.1265738669097958,0.12571371243556653,0.1238583578623731,0.12286664765211232,0.12231611787704876,0.12049490452781654,0.11933383634272178,0.11747786653532977,0.11613086245853804,0.1148156591093861,0.11346085823805076,0.11216270642630723,0.11107431687999333,0.11040186079411095,0.10944726946659286,0.1088418494600953,0.10847525146409802,0.10736676945555705,0.1072230117579279,0.10527087963466018,0.10412157635484308,0.10266253690030676,0.1019994119031881,0.10113052626812806,0.100139760459886,0.09978890749103819,0.09905297410394578,0.09801853336644413,0.09711550072570553,0.09685160812458249,0.09614179602870092,0.09609207524897138,0.09545729469023478,0.0956001149356833,0.09446212614848876,0.09399900337171661,0.09301963082510527,0.09276626705956299,0.09213003933078906,0.09116150368038448,0.09068542181226036,0.09013078721833202,0.08912412073513318,0.08844735915167048,0.08783850361229727,0.08741839285271719,0.08653392507757307,0.08607678470690422,0.08596524716576252,0.08538477204723342,0.08470102671717582,0.08429692010290821,0.08369513353992739,0.08342328943529337,0.08327261640235047,0.0827193734565992,0.08176940025035041,0.08209651885094797,0.08135568610237986,0.08098540313692237,0.0810303908676711,0.081147365290421,0.0806920419158957,0.080502202392727,0.08044185303903348,0.08001821250341531,0.07965130017143193,0.07922129101817384,0.07894239942271747,0.0787171860029211,0.07830394981470744,0.07766590799818926,0.0778929745536214,0.07752096609634268,0.07696374963735117,0.07669730681984481,0.07648795494149886,0.07589125696385922,0.07599403555317043,0.07602899035631007,0.07581896207257771,0.07547225799962812,0.07504050840828318,0.07498707103254816,0.07481755247640302,0.07497575253064456,0.07448103614903218,0.0744319229775146,0.07393891761254837,0.07409738198657742,0.0736411653868353,0.0734652386109591,0.07326264816833318,0.07321307205014566,0.07323164414581028,0.07317475473566708,0.07307415495672569,0.07269864521645043,0.07295077399438406,0.07229018336153618,0.0723987301051483,0.07237884315992016,0.0725553976004367,0.0720941679994889,0.0718701254555563,0.0721182737006668,0.07185218529692212,0.07174033269352977,0.07170740286381122,0.07146558413958604,0.07149717481347477,0.07145342446003326,0.07138193500491335,0.07129429329955124,0.0712926335369692,0.07102995390749031,0.07139818053358472,0.07093055754682809,0.07081970222244215,0.07085964825889722,0.07058073695323058,0.07096831209732078,0.07085042395399291,0.07050013936504788,0.07055943043309477,0.07019481832128135,0.07038496030544687,0.07018476546295155,0.07022399847090846,0.0703751935895048,0.07032592613584124,0.07033353868053366,0.07037232370980318,0.07013785066960104,0.07016575733959808,0.07009217632817513,0.06978197269592717,0.0701251330605871,0.07030815985387884,0.07000449140526922,0.069866261946146,0.06995175183821686,0.0699023767487217,0.06993627837303641,0.0697665410817939,0.0699800556162247,0.06981108781251004,0.0697970788775538,0.06972094171225289,0.06961209230425647,0.06986543907963508,0.06963846839279471,0.06970543738688455,0.06966748908705041,0.06949422590626662,0.06969332575230053,0.06961862516334706,0.0698323280780238,0.0695326579333755,0.06988034222792884,0.06954202430548288,0.0695500610170744,0.06983975161434958,0.06938313267532017,0.06977994594297,0.06939632262859176,0.06939680799340721,0.06950241786181392,0.06927986647307272,0.06923604239187633,0.06954923938174686,0.06966383680868309,0.06927931310416871,0.06935549426924087,0.06941083089653152,0.06948778449678836,0.0692892900785022,0.06946471379276348,0.0694351144268641,0.06933074708476729,0.06910118472432475,0.06931718130859091,0.06947354273327663,0.06921736684130847,0.06930400535898626,0.06919837579749225,0.06924875084636524,0.06912653895612857,0.06915243450936448,0.0694471431202819,0.0692194616793751,0.06934737215369872,0.06929431846031225,0.06943600403328715,0.0692459777406847,0.06917393409601108,0.06931607490697783,0.06908512223979683,0.06920532918965336,0.06936171167517591,0.0691429835330745,0.06911329996057958,0.06922192822039261,0.06920528787108882,0.06933847633086045,0.06924209262165053
loss/Test,1.957838690569324,1.4491414800286293,1.0638839850021946,0.7852055840194225,0.600146715979903,0.46318044140934944,0.36654436125630335,0.29723756447915106,0.25142438415317764,0.2174697576030608,0.19674399876666646,0.18177793493434305,0.16461764052209835,0.1557058238484446,0.1460013977071691,0.1376310433561523,0.13127202683338715,0.12474133807324594,0.11991073493094694,0.11530142265462107,0.11124836130728645,0.10718253969905837,0.1033591034732038,0.10160438318346296,0.09766238308211247,0.09616483637552348,0.09552541197157435,0.09148025437588653,0.08851778661952384,0.08830788929105526,0.08517233385974841,0.084211015780907,0.08162378750350927,0.08146513345080518,0.08048039113712166,0.07771363599045623,0.07735594116421717,0.07587674740071018,0.07457250941004004,0.07160905031337132,0.07168340991671768,0.07049045867226537,0.06925266464391062,0.06691956061929945,0.06707124366995788,0.06484880640111383,0.0645509231760497,0.06342712059737213,0.06432224443978479,0.061908078928207676,0.06124569511701984,0.060371510151232925,0.05968157989498708,0.05978652161936606,0.05771049065515399,0.05731034731011717,0.05730587202725151,0.05732823324750268,0.05661837448696456,0.05636313392014633,0.05454607543745829,0.05485357262659818,0.0539218038846288,0.05299688102452144,0.05404280260160205,0.051967533061190715,0.0522448654857374,0.05110694262980213,0.05089256268430261,0.05119865352002483,0.05057443269047766,0.0494474098987637,0.049173937167882195,0.049426455561432145,0.049008214399368775,0.048272583776363925,0.047464660440211096,0.047956263334790784,0.04759756502349891,0.047108743129478346,0.04671275457968154,0.04609586934619132,0.04587577038534706,0.04620519795289804,0.045703243888584114,0.04560063990403808,0.04476471853652789,0.04498562429686107,0.04428530393183352,0.044321792192697045,0.04383099543291234,0.04407091565700548,0.04357720556999407,0.043242399708458015,0.042854326112466236,0.04304896995064712,0.04273933636760639,0.0425155691637267,0.04252544107035764,0.04161416453069016,0.04251460847444832,0.04162867688348577,0.04098717869454695,0.04116729222568533,0.040723804234256665,0.040824328721951575,0.040654111593481035,0.04029779661927493,0.04013643676279894,0.039849625385907146,0.039860287350752664,0.03944782258552169,0.039791875342357785,0.039515843427169225,0.03959716490334681,0.03912228343617772,0.03869417889584457,0.038828294645364005,0.03849751692295315,0.038531667417696404,0.0384622965376043,0.038741262126413566,0.03840489422662124,0.03834204725740898,0.03811397542425942,0.03809231897861126,0.037851437471897134,0.03795388253075221,0.037826835256700796,0.037832466862915505,0.037428410539794114,0.037511872833654765,0.037636962309930355,0.036972036003135145,0.03700696335609762,0.03709267655898246,0.037064074065476176,0.036711798286095505,0.037083216105407525,0.03668931818139108,0.036724794825028266,0.03642946343132926,0.03645705267216169,0.036476353603986,0.03622607217966429,0.03602269516446658,0.03606835453050031,0.0362032437246413,0.036114344339547376,0.035887391773998856,0.03581228981267721,0.03581868633139698,0.03573690640229371,0.03562800055595055,0.035621560595539066,0.035593335644432136,0.035589190770781806,0.035405738801214726,0.035646033762473495,0.03548508633168474,0.03545879586900194,0.035216676491883495,0.035318443455898595,0.03528030951237006,0.03526915957204877,0.03493731423664177,0.035181648495997635,0.03502703628187338,0.03499295891285123,0.03495735163807929,0.03497516948564519,0.034915407314040366,0.03471274034593314,0.03467931846464654,0.03473633634407194,0.034575477424603436,0.03447005914096089,0.03474543809950832,0.03460421854622602,0.03470724743918606,0.03449801313728394,0.0346886545284501,0.03440129715994361,0.03454444582964624,0.03440606945960392,0.03447185236878032,0.034389913728040074,0.03444477972093849,0.03432864775212722,0.03425024070912191,0.03437106440880246,0.034217427764463446,0.034346357675179115,0.0342842131935721,0.03417176270346728,0.03417951650091357,0.034289062607117116,0.034233535241876396,0.03419726025200479,0.034183965684215147,0.03415507961425089,0.03421606096972321,0.034187115499779826,0.03415072364957943,0.03415007066665097,0.034162144550317596,0.03406770382031438,0.03411191476005761,0.034098359620979714,0.034132138272041396,0.03411954715322223,0.034037807531985306,0.03395539139690358,0.03404985388718365,0.03402915620620573,0.03394384383629527,0.034053483029692286,0.03396826085536891,0.03395194559162783,0.034020495689248725,0.03391301044968948,0.033925191867315484,0.03388583495266615,0.03397825251017968,0.03396957232278862,0.03393114486055809,0.03389018413896162,0.03391000430002027,0.03392280571372999,0.03392658289146399,0.03390209758541577,0.03394183435387189,0.0338919140293353,0.03393347820101847,0.033858124074721406,0.033855108700076776,0.033906831398546215,0.03385103851436607,0.033857969800010324,0.033850256263488726,0.03391070036037314,0.03385260499330358,0.03383409809095845,0.033860878973838784,0.03387476140520566,0.03382529108785093,0.033859132533712734,0.033832062088373686,0.03381589605593153,0.03384872891324302,0.03384663438379404,0.03384281418684329,0.03385822843917976,0.0338092613063993,0.03383092603067898,0.03383835248326162,0.033837230613214836,0.03385312637997671,0.03385913513428081,0.03380266994786178,0.033817798081379864,0.03383017815236423,0.033833537673232175,0.03381232166805515,0.033809419653768984,0.03379526206352297,0.03381778291922303,0.03380061037117435,0.03381914643931293,0.03380098171727432,0.033797830089761484,0.03381569341628722,0.03379910728413491,0.03379502247140232,0.033801315618949314,0.03379942294615772,0.0338059097599809,0.03380925637001412,0.033803076340606614,0.033799420715489935,0.033797259530758544,0.03379239225497229,0.033797569948458867,0.033800284804460866,0.03380510157289644,0.033807607305671776,0.033798333586028385,0.033802184794518735,0.033796544070355594,0.03378755696898987,0.0337846883921884,0.033784668999648985,0.03378386035629158,0.03378619573402008,0.033790785922563724,0.0337885242883086,0.03378545334036913,0.03379121882232627,0.03378964523078814,0.0337879320478908

0,1,2,3,4,5,6,7,8,9,10,11,12,13,14,15,16,17,18,19,20,21,22,23,24,25,26,27,28,29,30,31,32,33,34,35,36,37,38,39,40,41,42,43,44,45,46,47,48,49,50,51,52,53,54,55,56,57,58,59,60,61,62,63,64,65,66,67,68,69,70,71,72,73,74,75,76,77,78,79,80,81,82,83,84,85,86,87,88,89,90,91,92,93,94,95,96,97,98,99,100,101,102,103,104,105,106,107,108,109,110,111,112,113,114,115,116,117,118,119,120,121,122,123,124,125,126,127,128,129,130,131,132,133,134,135,136,137,138,139,140,141,142,143,144,145,146,147,148,149,150,151,152,153,154,155,156,157,158,159,160,161,162,163,164,165,166,167,168,169,170,171,172,173,174,175,176,177,178,179,180,181,182,183,184,185,186,187,188,189,190,191,192,193,194,195,196,197,198,199,200,201,202,203,204,205,206,207,208,209,210,211,212,213,214,215,216,217,218,219,220,221,222,223,224,225,226,227,228,229,230,231,232,233,234,235,236,237,238,239,240,241,242,243,244,245,246,247,248,249,250,251,252,253,254,255,256,257,258,259,260,261,262,263,264,265,266,267,268,269,270,271,272,273,274,275,276,277,278,279,280,281,282,283,284,285,286,287,288,289,290,291,292,293,294,295,296,297,298,299,300
loss_pitch/Train,1.9595792431200567,1.555255132592847,1.3407655795058862,1.156336710110908,0.9995523056240895,0.8722273319558712,0.7718855476700137,0.6913828016062489,0.626429615834636,0.5757336715144427,0.5329798636949651,0.4979968951422003,0.4674634868254042,0.44188110899898503,0.4203915831085812,0.4004893911325878,0.3829641130072119,0.3681125112646364,0.3538491624119303,0.34141677739307486,0.3295787068994323,0.3190724919863346,0.30923885533360623,0.30016780315560077,0.29185905447522087,0.28460838428861357,0.27734467465046275,0.27067912725121984,0.26444550492704716,0.25820507100812523,0.25223621848319144,0.24722546802106996,0.24167244793855555,0.23740132254602664,0.23203002293615063,0.2279363805737196,0.22407698264437406,0.2198113270972609,0.21631797960387217,0.21175698710797614,0.20879359189170357,0.20111337815131575,0.19761491356409183,0.1951504817975877,0.19142003092797882,0.18468694064448768,0.1816616340987217,0.17919397945327875,0.17745802972983618,0.17159309448181514,0.16920723277791466,0.1668719069272146,0.16479682691495515,0.16288205966553881,0.15806185296097677,0.15604809606155473,0.1544593142236963,0.15268529683618803,0.1486970958788566,0.14689231271533956,0.14519536842846817,0.14402484187664205,0.14042841887995267,0.13873174475013142,0.13726963756831506,0.13398256968756964,0.1322177329522478,0.12932989753682517,0.1275451431142776,0.12681177034472937,0.12392270015093243,0.12258703556797163,0.12147380994808246,0.12075525063002324,0.11812660041444772,0.11696052498981824,0.11633623869078977,0.11519063122470283,0.11295382363780197,0.11022151731238637,0.10888115116332411,0.10860164954573451,0.10828700895116335,0.10737487696061086,0.10531909230996274,0.10452754085156817,0.10384581930217053,0.10338971832257617,0.1015184043292708,0.10051999844426933,0.09902633433000523,0.09817769575045515,0.09620573511555991,0.09548823925261407,0.09490413154170518,0.09446122499241288,0.09299608594717065,0.09216712658030436,0.09171036380038267,0.09044061044456579,0.08952087320621238,0.08812734228997353,0.08711113091641745,0.08618313239578308,0.08514750991517786,0.08420907078987414,0.08333781120187765,0.0827667111480784,0.0821334763467646,0.08169312620193034,0.08154466585444094,0.08072981816871017,0.08036206940715222,0.07900274027172359,0.07809918327967014,0.07686603115579205,0.07636721787030387,0.07585865925379398,0.07512831259518862,0.07474527596892798,0.07428532512065006,0.07347002260871399,0.07279336347491083,0.07270089556575823,0.07201728902239303,0.07199010713602262,0.07149325959183978,0.07173512391704281,0.07086753925567518,0.0704729812507906,0.06958874857278682,0.06948522802007974,0.06918327223066859,0.06815092201624483,0.06802973710919309,0.06773254069721017,0.0668577396962374,0.06625350858189266,0.06587911648968142,0.06537956275847728,0.0648889522748945,0.06449001090300391,0.06433707391676147,0.06393863115743671,0.0635088891125046,0.06300447973560525,0.0625488336323322,0.06249624929545372,0.062329234098055034,0.061969496767065854,0.06108539681255216,0.06139969939048582,0.06082781947389111,0.06077914229581642,0.06065490079600982,0.060835656562544436,0.060500394469419405,0.060179691372915366,0.06034432522985967,0.060005680101217845,0.05969210461308269,0.05930617459686348,0.05912170954374388,0.05886460233212453,0.05863650681643075,0.058033514194892125,0.05829432762265539,0.05798273145308877,0.057588682152464515,0.05733540943602409,0.057184260374461324,0.0567477050404411,0.05683275036463689,0.056718231167961666,0.056693833291263325,0.05651762043856786,0.05602704085401289,0.05608803316900682,0.05599933071938999,0.05623190157457919,0.05577393171832701,0.05567307176753344,0.05522421289093358,0.05543468576425795,0.05507439282042029,0.0548690183906745,0.054777583368790794,0.054759640249135516,0.05483838151472165,0.054744239055422125,0.054661884639128175,0.054283892749620796,0.05447518182417269,0.05398927190228294,0.05422788848014624,0.0541221216888973,0.05425606240129992,0.05388724000523109,0.053744799328024076,0.053884853974753164,0.05371540827455308,0.05373443352943913,0.05359456905585634,0.05356891306635043,0.05341182231752728,0.05333697906958415,0.05322500935383976,0.05331827812272671,0.05330580180560995,0.05308955253473579,0.05334821779890646,0.05311634411258548,0.05285459999287409,0.052939918286254786,0.05277098993428319,0.053111598144531785,0.05311304011503276,0.05270048656329646,0.052726159930529884,0.05241933016089781,0.05264160365384122,0.052596138454054905,0.05259207726577338,0.05263774916279075,0.0525691629483494,0.05255938736145539,0.05264719375346541,0.052362075318569824,0.05244867277953924,0.05232115967591782,0.05215795990163168,0.05237858695658801,0.05259162396058908,0.05231522084652308,0.05225467953555319,0.05226167504187055,0.05223964802302721,0.052234495299630236,0.05213835884737594,0.052319113358922066,0.052198450720447195,0.0521524453947045,0.05211620503543738,0.052151476155816175,0.05221278474002141,0.052117038068399166,0.05212107821171393,0.052111323438835386,0.051847585598883875,0.051981647318905644,0.051969283793305336,0.05217468962908593,0.05211527340590219,0.052266199566056375,0.05201228738014874,0.05203341153521308,0.052181005856281173,0.0518299454718728,0.05214367105871973,0.05171317877039113,0.05197146947290999,0.051998006752086594,0.05176213289874151,0.051834653421501405,0.05197196026111331,0.0520375963931093,0.0517281399714038,0.051840259978806626,0.051926233802792605,0.051838570056407976,0.05191244836813131,0.051893455270393817,0.051995646737248644,0.05177803834181931,0.05164253532285113,0.05180092964972883,0.051849598088406126,0.05190279956305642,0.051882001616983704,0.0516806729831169,0.05187312253780095,0.05164841010523417,0.051566633540351826,0.05202628334466318,0.05179406899349104,0.05177102660292534,0.051711678308238494,0.05186279408733941,0.051747097211969274,0.05159786712511906,0.051854555912716774,0.05173708907090495,0.05180622915791623,0.05175169684544139,0.05160576870180499,0.05161556888187947,0.051796248547666006,0.05168817846246498,0.05194676415953,0.05185650934740867
loss_pitch/Test,1.4990230310828454,1.1701619485693593,0.8996771062093396,0.6795320230866632,0.5232371883767266,0.3994780238116941,0.3123994878823719,0.249900370385618,0.20801184698939323,0.1774227448679026,0.15734836918812606,0.1461105582664811,0.13076275451889924,0.12255554411920809,0.11486946459439012,0.1078015401088182,0.10194460977049123,0.09607402939018944,0.09323126269173959,0.08903011457333641,0.0855988198665962,0.08226483468447,0.07937032550633434,0.07829800975178519,0.07507040402701785,0.07404895864367005,0.07309933752572585,0.07018416136833688,0.06741622895483047,0.06766661955794741,0.06552462399216188,0.06395926744106316,0.061843050786504344,0.06163300022542957,0.06144965483596729,0.05893833302862702,0.057680246108512,0.05740226926131835,0.05611946671870687,0.05423676889885457,0.05415693679899578,0.05315989121839765,0.052441233626356526,0.050874976321093494,0.050757163414551366,0.04910247464619216,0.04901068080066433,0.04791133926295105,0.04802204201358461,0.046985797257342886,0.04620707580714577,0.045234041115749746,0.04502714294639806,0.044884457575878306,0.04366381690957614,0.04314176283491355,0.04298020506112446,0.04294264004490669,0.04264412548077563,0.04216149648381097,0.04092161846722687,0.041373509335361665,0.04078479197567269,0.03990693874431834,0.03999680650585721,0.0391890600909509,0.03899286526270331,0.03847533971777246,0.03784260833485713,0.03821792524878777,0.03743970505292377,0.03706421995265109,0.036617034236945574,0.036816345047085516,0.03640694290234317,0.035799586443200464,0.03536582880112673,0.03574978986064032,0.03535267235448344,0.035232497281545115,0.03498580361032979,0.03437257926317773,0.034151364422042765,0.03422385033768331,0.033950055573856636,0.03383569834911595,0.03330838642714004,0.03357450060936953,0.03298849747854195,0.03310186714647458,0.03253877986102335,0.032651165641108225,0.0324231960393879,0.0323790805301659,0.03212998705285211,0.03194450402647377,0.03196381733963086,0.031367197123941995,0.03158795554566408,0.030952292759226816,0.03163785297581325,0.030742466046039255,0.030463203538074007,0.030656803870618705,0.030331319560401984,0.030287483524936702,0.03031930187341547,0.02983751577220016,0.029968709577881402,0.029623442808271297,0.029594838504694524,0.0290700335003015,0.02954281682726897,0.029275844853761935,0.029234996429764695,0.028990126813897083,0.028605795574314412,0.028491523257651998,0.028556389869340965,0.028512555589493845,0.028536100494450017,0.028918404763023698,0.028299480075797728,0.02845294061004214,0.028233969672357723,0.028187795853873175,0.028026006068103015,0.027871154996025705,0.0280454539761488,0.027932330167987535,0.027751748288621106,0.027703634358101314,0.02780403058615423,0.027279286121483892,0.027321231115849748,0.027454762030467993,0.027364904840191405,0.027196016008665246,0.027285851008679356,0.027175257222787026,0.027100399808747875,0.026894798434730017,0.027006138910374212,0.02693003713483772,0.0267618469642325,0.026639551532665087,0.026579160171921454,0.026756708187261415,0.026669690278433866,0.026486793031630616,0.026395617745771642,0.026426243126362322,0.026429707007933286,0.026298131281134462,0.026281933572458765,0.0263272148496922,0.026225218444221442,0.026150188613457664,0.026241025716562064,0.026164259292155264,0.02622608499293546,0.02601565858687184,0.02610712454864575,0.02604775865291876,0.02614126289300921,0.02575337301353894,0.025967990059495693,0.025823585185853225,0.025861001005508907,0.025741126313204726,0.025845132296859856,0.02576212805598193,0.025625042426737868,0.0256842540881236,0.025615717990383986,0.025520116180902528,0.025438623788255836,0.025590687180914347,0.02555432900009046,0.02561447987869953,0.0254367558189833,0.025606144105099263,0.025406187215271676,0.02541880024270335,0.025388545096634078,0.0254546667265165,0.025463543943084414,0.025393740097511438,0.025328128472826773,0.025269725896988907,0.025344698744330315,0.025265568768748293,0.02531628951903493,0.025305660049085535,0.025146367137260255,0.025209748122330393,0.025272535713156685,0.02526158266588144,0.025223146536342438,0.0251645804420414,0.025200212545197217,0.025243544308919338,0.02518917884088061,0.025157361845260545,0.02525255624148544,0.025208801134384326,0.0251278078846348,0.02515964091928195,0.02514404522897225,0.0251394358825975,0.02519261814098084,0.02510439893963086,0.02506409383063475,0.025067561377410688,0.02511943074698079,0.025035704167807597,0.025112504001534093,0.025037307039676836,0.025052353033735868,0.025092266768502493,0.024990178486933152,0.025002689691328052,0.02497971653018237,0.025046560770621704,0.02504340751892737,0.025013747522720106,0.024986208934757496,0.024978642256164384,0.024990550185095578,0.024978383081859998,0.024990732402300403,0.025002933449051794,0.024980288949013957,0.024989420953657356,0.02495881361650273,0.02495153000833647,0.024977787933875655,0.024950430320102662,0.024957107640089345,0.02496302136663167,0.02498919780144558,0.024955008682163972,0.024959924611105255,0.024966015777130042,0.024946700604144303,0.024946516254849192,0.024957070471681355,0.024942027503481855,0.024930926704508884,0.02495946279058473,0.02495889268785475,0.02496311466600145,0.02495435949024414,0.02494158428688083,0.02493538094624396,0.024937104192494806,0.02495892398573849,0.0249440009544243,0.024949873661464683,0.024921761064286976,0.024926927020480376,0.024941557798639782,0.02494152309279138,0.02493052751449267,0.02492327298762487,0.024925367365921696,0.024921475538811196,0.024928595296167318,0.024928646021327303,0.024923976909767297,0.024917910340234578,0.02493579786894242,0.024918500358434095,0.024920745906720478,0.02492192249854035,0.024913815549582302,0.02492520488580809,0.024927297548856586,0.02491774781317931,0.024917977573838266,0.02491167104322343,0.024915435515727186,0.02492430923795778,0.024921727692520608,0.02491978574506638,0.02492741118429319,0.024917745137504572,0.02492107945257768,0.024916577027104193,0.02491604341682227,0.024913378769621974,0.02491421052329843,0.02490906260115275,0.024907962047314693,0.024912257589617622,0.02491355923778047,0.024912867497938175,0.024910739491573505,0.0249123836092035,0.024909944814299385

0,1,2,3,4,5,6,7,8,9,10,11,12,13,14,15,16,17,18,19,20,21,22,23,24,25,26,27,28,29,30,31,32,33,34,35,36,37,38,39,40,41,42,43,44,45,46,47,48,49,50,51,52,53,54,55,56,57,58,59,60,61,62,63,64,65,66,67,68,69,70,71,72,73,74,75,76,77,78,79,80,81,82,83,84,85,86,87,88,89,90,91,92,93,94,95,96,97,98,99,100,101,102,103,104,105,106,107,108,109,110,111,112,113,114,115,116,117,118,119,120,121,122,123,124,125,126,127,128,129,130,131,132,133,134,135,136,137,138,139,140,141,142,143,144,145,146,147,148,149,150,151,152,153,154,155,156,157,158,159,160,161,162,163,164,165,166,167,168,169,170,171,172,173,174,175,176,177,178,179,180,181,182,183,184,185,186,187,188,189,190,191,192,193,194,195,196,197,198,199,200,201,202,203,204,205,206,207,208,209,210,211,212,213,214,215,216,217,218,219,220,221,222,223,224,225,226,227,228,229,230,231,232,233,234,235,236,237,238,239,240,241,242,243,244,245,246,247,248,249,250,251,252,253,254,255,256,257,258,259,260,261,262,263,264,265,266,267,268,269,270,271,272,273,274,275,276,277,278,279,280,281,282,283,284,285,286,287,288,289,290,291,292,293,294,295,296,297,298,299,300
loss_duration/Train,0.6054804723759938,0.4459784555729195,0.3295162190470193,0.2545672051207634,0.21048918513105055,0.18397000364190794,0.1669822153071518,0.15472614218401534,0.14545143375782957,0.13736670045975613,0.13057011707681712,0.1249600006175549,0.11966385527643388,0.115279117343538,0.11101500143718826,0.1071521007226187,0.10417296053599483,0.10102426113535738,0.0978023606039283,0.09541983332050621,0.09309429472287273,0.09072417199127208,0.08847303909621297,0.08682739796125301,0.08449486700876412,0.08347632885647462,0.08163849391510936,0.08011773262390107,0.07864898387342692,0.0772909984460326,0.07591859654109975,0.07445382137736932,0.07328119482009801,0.07263610799684118,0.07109135022311734,0.07051826653910191,0.06925187959949665,0.06828259879163562,0.06749377983116917,0.06641668098740647,0.0658387501807591,0.06342759197953704,0.0626047323111261,0.061598301358988736,0.061001058157550116,0.05907415190853613,0.058203741114569885,0.057544435961631384,0.05676567752599181,0.05524871161524958,0.05457530188679094,0.05378280051486909,0.05304444231293394,0.05278572146258747,0.05096086128802778,0.050486326309530725,0.05000175588968891,0.04974496781057574,0.04822876472944903,0.04802047077132046,0.0473887260905112,0.04671178033633884,0.045621362182357655,0.045250777366483426,0.044966496445756454,0.04358215669228491,0.043388166779343186,0.04232106003033273,0.041840772060760936,0.0417658452111643,0.040454005912121706,0.04032535387365974,0.03995174005243409,0.03967153358945598,0.03884643708364077,0.038680499654279964,0.03826132884453731,0.038136075249551524,0.037233725618236936,0.03637554301909535,0.03598647055804997,0.035773587285336354,0.03593067595518023,0.03509579198017315,0.03492585901095795,0.03448002552738906,0.034511146010755826,0.0342613605886798,0.03372588749419513,0.03308627567078601,0.03280596765000457,0.03249443814872593,0.031922546196561895,0.03171149816984235,0.03166973545934353,0.0312524874527592,0.03086227186049247,0.03069952110688916,0.030605754023939873,0.0300542941051765,0.029812963130244893,0.029350524265193818,0.029019731526668164,0.028632526679983523,0.02831334834135317,0.02795363557796441,0.027736505725830293,0.027635149698132324,0.027313793210141494,0.027148723289487475,0.02693058565998191,0.02663695131096521,0.02686094228207497,0.0262681393330236,0.026022393094592897,0.025796505790036756,0.02563219401701416,0.025271866991364234,0.025011447869917804,0.025043631457794674,0.024767649037379255,0.02454851078560718,0.02432213732649075,0.024150712560599193,0.024124506974150115,0.02410196805197428,0.023964035116353245,0.023864991024382946,0.02359458689970453,0.023526022038443405,0.023430882278420533,0.023281039042406686,0.022946767121419777,0.02301058162185426,0.022655684659320177,0.022398246528117213,0.022266381048710156,0.022193850590033048,0.021959387121780572,0.022038830059889554,0.021644972778455826,0.021586773849839987,0.021628173256309644,0.021446140975515973,0.021192137584311578,0.0212924403853656,0.02114629993797802,0.02092704018964244,0.020943382285501924,0.02074987667220156,0.02068400338047806,0.020696819498571214,0.02052786666356996,0.02020626082774168,0.0203754900895151,0.020311708680370764,0.020191647448773276,0.020322511042781474,0.02009752779873297,0.020012532407574505,0.019959195590193796,0.019915116408154902,0.01982068986806292,0.019852583703215364,0.019667443038578324,0.019632393837647488,0.019598646894475286,0.019538234683555537,0.019375067487079234,0.019361897368942525,0.01930369458019299,0.019143551952756875,0.019161285122338632,0.019310759176759073,0.01912512871141299,0.018954637592904805,0.01901346755520996,0.01889903782960863,0.01881822176635758,0.018743850996836835,0.018707104421934875,0.01875885120987675,0.018714704676875804,0.018662696238137332,0.01856677255941964,0.01859622023725097,0.01848506474128252,0.018453431777570462,0.018393262624197677,0.018430515699925928,0.018412270301623027,0.01841475245351757,0.018475592136696282,0.01830091139796553,0.018170841530930133,0.018256721473424258,0.018299335181282943,0.018206927985330884,0.018125326104771196,0.018233419771696704,0.018136777029938645,0.0180058991410686,0.01811283381839571,0.017896671043531428,0.01808535254935237,0.01811644532801291,0.018156925620899572,0.017976015196453296,0.017986831740964822,0.01794040137160603,0.018049962737810517,0.01781421343891489,0.01796510226334416,0.017919729931662153,0.017809747007358066,0.017856713910921237,0.01773738378565967,0.017799652800916155,0.01783327055442974,0.017775488139815093,0.01774335667890843,0.017588627040219146,0.017631921146457574,0.01773744443297854,0.017756763225287665,0.017774151332024903,0.01772512990575192,0.01777577539676207,0.01771708461221082,0.017771016653927853,0.017624012776389468,0.017746546141742706,0.017716535905401135,0.0176892705657415,0.017611582381254053,0.017690076788620095,0.017662728646083113,0.017701783122164888,0.017628182281245113,0.017660942239657612,0.01761263707452224,0.017644633494543052,0.017604736680052174,0.017460616177779043,0.017652654354283044,0.017521430306698324,0.017584359145779663,0.017556165685697622,0.017646640308935826,0.017711678399775395,0.01764934136270704,0.01765763849179749,0.017417384542716925,0.0176141426610372,0.017529736900328337,0.017516649469541127,0.01765874577955042,0.017553187166539024,0.017636274875636578,0.017683143886443094,0.01742533853587461,0.017504411106020832,0.0175177335841978,0.01740138892359998,0.017577279075424734,0.01762624041807959,0.01755117314915703,0.017515234305208023,0.017484597067114784,0.017649214400320194,0.017376841745869728,0.01757125854048452,0.01743946765777091,0.01755270872880066,0.017458649471009592,0.017516251693160227,0.017623944624197658,0.01731456729177294,0.017422003696219487,0.017517702860053996,0.017375628310600254,0.017478128853817824,0.01758580097475511,0.01742085976152359,0.017425392665785442,0.017576345523470604,0.0175826401563023,0.017573209954979057,0.017498880526314035,0.017576066911927396,0.017461518985386355,0.01734803316951834,0.017399100024585147,0.017610014754925924,0.017537214781779945,0.017497731092743024,0.017425679631172072,0.017517109414470704,0.01739171219111583,0.01738558326818617
loss_duration/Test,0.4588156591259664,0.27897953200003794,0.1642068814516308,0.10567355982118076,0.07690952892505354,0.06370241732727136,0.05414487282940818,0.04733719394331978,0.04341253730648708,0.04004701241219957,0.03939562966115773,0.03566737640123334,0.03385488608581645,0.033150279950801165,0.031131933229194293,0.029829503681075068,0.029327417029097917,0.028667308544109184,0.026679472259861687,0.02627130818643397,0.025649541500775565,0.024917704980790375,0.023988777929316123,0.023306373621322093,0.022591979004397626,0.02211587765486911,0.02242607453222116,0.021296093048858305,0.021101557636528365,0.02064126958852754,0.019647709793418705,0.02025174851446683,0.01978073684468625,0.019832133372772426,0.019030736256090384,0.018775302934603045,0.01967569494210634,0.018474477955380514,0.01845304265096333,0.017372281376963422,0.01752647299379591,0.017330567512075387,0.016811431127397584,0.01604458435265828,0.016314080370883006,0.015746331820639992,0.015540242391345542,0.015515781319399754,0.016300202514450517,0.014922281700907456,0.01503861925729941,0.015137469073975339,0.014654437092230506,0.014902064091368248,0.01404667378500885,0.014168584419812466,0.014325667002741549,0.014385593188513492,0.013974249034353922,0.014201637358412207,0.013624456969292594,0.013480063264949186,0.01313701180803154,0.013089942233261442,0.014045996040353672,0.012778472992302399,0.01325200036338966,0.012631602836453596,0.013049954347098396,0.012980728308320977,0.01313472758450981,0.012383189996809608,0.012556902868504215,0.01261011052138788,0.012601271507352772,0.012472997334102289,0.01209883162453245,0.012206473414065135,0.01224489271267122,0.011876245909426812,0.011726950994230836,0.011723290059073348,0.011724405899463643,0.011981347507248902,0.011753188284215397,0.011764941613129791,0.011456332081222846,0.011411123760485826,0.011296806405880488,0.011219925072979212,0.011292215514620165,0.011419749974588594,0.01115400951793192,0.010863319147780028,0.010724339114066454,0.011104465977217431,0.010775519027975538,0.01114837204635654,0.010937485484323734,0.010661871861356626,0.010876755573741731,0.010886210852702553,0.010523975115868398,0.010510488408110705,0.010392484609779316,0.010536845176829956,0.01033480974025048,0.010460280859514304,0.010167727116617419,0.010226182520836442,0.010265448869294262,0.01037778905963698,0.010249058460636486,0.010239998561437166,0.010362168471704448,0.010132156678375923,0.010088383366359442,0.010336771390059092,0.009941127043050309,0.010019111773984943,0.00992619609924957,0.00982285731949941,0.01010541407970689,0.009889106651591588,0.00988000576692303,0.009904523082021173,0.009825431341831121,0.010082727459619844,0.00978138133805553,0.0099001365771044,0.009676662273000881,0.009808238438234829,0.009832931714153082,0.00969274985419038,0.009685732233676038,0.009637914453877227,0.009699169205099854,0.009515782307942337,0.009797365088748084,0.009514061013525803,0.009624395004075562,0.009534664995660405,0.009450913726815939,0.009546316407419996,0.009464225220595366,0.00938314368038611,0.009489194338628647,0.009446535502408347,0.00944465402003956,0.009400598737674074,0.009416672085212813,0.009392443231791408,0.0093071993964728,0.009329869230456214,0.009339627033876885,0.00926612075507423,0.009363972420678398,0.009255550150673145,0.009405008057412135,0.009320827129188055,0.009232710888506019,0.009201017897031571,0.009211318866883015,0.009232550826122714,0.009127896738890183,0.009183941165599296,0.00921365851700689,0.009203451138032946,0.0091319578784732,0.009216225326048105,0.009130037255911907,0.009153279349829386,0.00908769793257365,0.008995064259168782,0.009120618300409162,0.00905536125590574,0.009031435388146013,0.00915475106293959,0.009049889562565142,0.009092767609540569,0.009061257350690393,0.009082510439311004,0.008995109973541056,0.009125645495641361,0.009017524411319755,0.009017185654468653,0.008926369745994077,0.009051039535646146,0.009000519268034447,0.00898051490319983,0.009026365702964305,0.008951859040309736,0.009030068158725982,0.008978553110453856,0.009025395448618164,0.008969768353704093,0.009016526941606219,0.008971952501357714,0.008974113769410553,0.009019385219172334,0.008954867076329632,0.00897251663146533,0.008997936659133917,0.00899336175503014,0.008897514429624989,0.008953343474845056,0.008939895933097785,0.008952273862603525,0.008954314404212299,0.008992702351655855,0.008926928984076385,0.008933408579914906,0.008891297578238958,0.008982292536999129,0.008909725401486691,0.008908139716368169,0.008940979020412815,0.008930953856766028,0.008899592593332917,0.00892822890314311,0.008922831974961165,0.008922502127872224,0.008906118432576242,0.00893169168979981,0.008926164792125834,0.008917397398627439,0.008903975272738946,0.008931361956544401,0.008932255550462287,0.008948199862648071,0.008911365273478066,0.008938900937913961,0.008911625079851928,0.008944057371052387,0.008899310457279845,0.00890357876802051,0.008929043373369026,0.008900608152250624,0.00890086211344873,0.008887234924083215,0.008921502538977355,0.008897596280392816,0.00887417345192291,0.008894863261722945,0.008928060789091228,0.008878774777610576,0.008902062044193547,0.008890034597331373,0.00888496934344256,0.008889266115851745,0.008887741681387378,0.008879699570365295,0.008903868952456246,0.008867677064817173,0.008895545086782095,0.008901248270581898,0.008878306624894557,0.00890912543634899,0.008909261489949836,0.008880908901882057,0.008890871045878157,0.008888620294343244,0.008892014596400964,0.008881794202616514,0.008886146648775696,0.008869894715204399,0.00889630748368349,0.00887201504050491,0.00889050032527584,0.008877004848580972,0.008879919740373284,0.008879895554151342,0.008880606948467528,0.008874276605051672,0.008879393149278082,0.008885607441169991,0.008880704860559726,0.008881958833831784,0.008885328509589476,0.008881443181786791,0.008885588528843778,0.008876956778441391,0.008873260778331784,0.008878557023455224,0.008885315831585397,0.008880196148370047,0.008880588524334598,0.00888110529030523,0.008879967057803315,0.008871513535503313,0.008871309599095595,0.008870458493953676,0.008874797747628163,0.008878233687174808,0.008878528324496602,0.008874965074703083,0.008872585839379743,0.008880479377929136,0.008877261609849219,0.008877987253072206

