<?xml version="1.0" encoding="utf-8"?>
<!DOCTYPE score-partwise  PUBLIC "-//Recordare//DTD MusicXML 3.0 Partwise//EN" "http://www.musicxml.org/dtds/partwise.dtd">
<score-partwise version="3.0">
  <movement-title>Music21 Fragment</movement-title>
  <identification>
    <creator type="composer">Music21</creator>
    <encoding>
      <encoding-date>2022-01-20</encoding-date>
      <software>music21 v.6.7.1</software>
    </encoding>
  </identification>
  <defaults>
    <scaling>
      <millimeters>7</millimeters>
      <tenths>40</tenths>
    </scaling>
  </defaults>
  <part-list>
    <score-part id="P1dcee644513b323f8801602b31379bcf">
      <part-name />
    </score-part>
  </part-list>
  <!--=========================== Part 1 ===========================-->
  <part id="P1dcee644513b323f8801602b31379bcf">
    <!--========================= Measure 1 ==========================-->
    <measure number="1">
      <attributes>
        <divisions>10080</divisions>
        <time>
          <beats>4</beats>
          <beat-type>4</beat-type>
        </time>
        <clef>
          <sign>G</sign>
          <line>2</line>
        </clef>
      </attributes>
      <direction>
        <direction-type>
          <metronome parentheses="no">
            <beat-unit>quarter</beat-unit>
            <per-minute>160</per-minute>
          </metronome>
        </direction-type>
        <sound tempo="160" />
      </direction>
      <harmony>
        <root>
          <root-step>F</root-step>
        </root>
        <kind>dominant</kind>
      </harmony>
      <note>
        <pitch>
          <step>F</step>
          <alter>0</alter>
          <octave>5</octave>
        </pitch>
        <duration>5040</duration>
        <type>eighth</type>
        <accidental>natural</accidental>
        <stem>down</stem>
        <beam number="1">begin</beam>
      </note>
      <note>
        <pitch>
          <step>E</step>
          <alter>-1</alter>
          <octave>5</octave>
        </pitch>
        <duration>5040</duration>
        <type>eighth</type>
        <accidental>flat</accidental>
        <stem>down</stem>
        <beam number="1">end</beam>
      </note>
      <note>
        <pitch>
          <step>B</step>
          <alter>-1</alter>
          <octave>4</octave>
        </pitch>
        <duration>5040</duration>
        <type>eighth</type>
        <accidental>flat</accidental>
        <stem>up</stem>
        <beam number="1">begin</beam>
      </note>
      <note>
        <pitch>
          <step>G</step>
          <alter>0</alter>
          <octave>4</octave>
        </pitch>
        <duration>5040</duration>
        <type>eighth</type>
        <accidental>natural</accidental>
        <stem>up</stem>
        <beam number="1">end</beam>
      </note>
      <note>
        <pitch>
          <step>C</step>
          <alter>1</alter>
          <octave>5</octave>
        </pitch>
        <duration>5040</duration>
        <type>eighth</type>
        <accidental>sharp</accidental>
        <stem>down</stem>
        <beam number="1">begin</beam>
      </note>
      <note>
        <pitch>
          <step>D</step>
          <alter>0</alter>
          <octave>5</octave>
        </pitch>
        <duration>5040</duration>
        <type>eighth</type>
        <accidental>natural</accidental>
        <stem>down</stem>
        <beam number="1">end</beam>
      </note>
      <note>
        <pitch>
          <step>B</step>
          <alter>-1</alter>
          <octave>4</octave>
        </pitch>
        <duration>5040</duration>
        <type>eighth</type>
        <accidental>flat</accidental>
        <stem>up</stem>
        <beam number="1">begin</beam>
      </note>
      <note>
        <pitch>
          <step>G</step>
          <alter>0</alter>
          <octave>4</octave>
        </pitch>
        <duration>5040</duration>
        <type>eighth</type>
        <stem>up</stem>
        <beam number="1">end</beam>
      </note>
    </measure>
    <!--========================= Measure 2 ==========================-->
    <measure number="2">
      <harmony>
        <root>
          <root-step>B</root-step>
          <root-alter>-1</root-alter>
        </root>
        <kind>dominant</kind>
      </harmony>
      <note>
        <pitch>
          <step>D</step>
          <alter>0</alter>
          <octave>5</octave>
        </pitch>
        <duration>10080</duration>
        <type>quarter</type>
        <accidental>natural</accidental>
      </note>
      <note>
        <pitch>
          <step>F</step>
          <alter>0</alter>
          <octave>5</octave>
        </pitch>
        <duration>5040</duration>
        <type>eighth</type>
        <accidental>natural</accidental>
        <stem>down</stem>
        <beam number="1">begin</beam>
      </note>
      <note>
        <pitch>
          <step>C</step>
          <alter>0</alter>
          <octave>5</octave>
        </pitch>
        <duration>5040</duration>
        <type>eighth</type>
        <accidental>natural</accidental>
        <stem>down</stem>
        <beam number="1">end</beam>
      </note>
      <note>
        <pitch>
          <step>C</step>
          <alter>0</alter>
          <octave>5</octave>
        </pitch>
        <duration>5040</duration>
        <type>eighth</type>
        <stem>down</stem>
        <beam number="1">begin</beam>
      </note>
      <note>
        <pitch>
          <step>B</step>
          <alter>-1</alter>
          <octave>4</octave>
        </pitch>
        <duration>5040</duration>
        <type>eighth</type>
        <accidental>flat</accidental>
        <stem>down</stem>
        <beam number="1">end</beam>
      </note>
      <note>
        <pitch>
          <step>A</step>
          <alter>0</alter>
          <octave>4</octave>
        </pitch>
        <duration>5040</duration>
        <type>eighth</type>
        <accidental>natural</accidental>
        <stem>up</stem>
        <beam number="1">begin</beam>
      </note>
      <note>
        <pitch>
          <step>B</step>
          <alter>-1</alter>
          <octave>4</octave>
        </pitch>
        <duration>5040</duration>
        <type>eighth</type>
        <accidental>flat</accidental>
        <stem>up</stem>
        <beam number="1">end</beam>
      </note>
    </measure>
    <!--========================= Measure 3 ==========================-->
    <measure number="3">
      <harmony>
        <root>
          <root-step>F</root-step>
        </root>
        <kind>dominant</kind>
      </harmony>
      <note>
        <pitch>
          <step>D</step>
          <alter>0</alter>
          <octave>5</octave>
        </pitch>
        <duration>10080</duration>
        <type>quarter</type>
        <accidental>natural</accidental>
      </note>
      <note>
        <pitch>
          <step>F</step>
          <alter>0</alter>
          <octave>5</octave>
        </pitch>
        <duration>5040</duration>
        <type>eighth</type>
        <accidental>natural</accidental>
        <stem>down</stem>
        <beam number="1">begin</beam>
      </note>
      <note>
        <pitch>
          <step>E</step>
          <alter>-1</alter>
          <octave>5</octave>
        </pitch>
        <duration>5040</duration>
        <type>eighth</type>
        <accidental>flat</accidental>
        <stem>down</stem>
        <beam number="1">end</beam>
      </note>
      <note>
        <pitch>
          <step>F</step>
          <alter>0</alter>
          <octave>5</octave>
        </pitch>
        <duration>5040</duration>
        <type>eighth</type>
        <stem>down</stem>
        <beam number="1">begin</beam>
      </note>
      <note>
        <pitch>
          <step>F</step>
          <alter>0</alter>
          <octave>4</octave>
        </pitch>
        <duration>5040</duration>
        <type>eighth</type>
        <stem>down</stem>
        <beam number="1">end</beam>
      </note>
      <note>
        <pitch>
          <step>G</step>
          <alter>0</alter>
          <octave>4</octave>
        </pitch>
        <duration>5040</duration>
        <type>eighth</type>
        <accidental>natural</accidental>
        <stem>up</stem>
        <beam number="1">begin</beam>
      </note>
      <note>
        <pitch>
          <step>G</step>
          <alter>1</alter>
          <octave>4</octave>
        </pitch>
        <duration>5040</duration>
        <type>eighth</type>
        <accidental>sharp</accidental>
        <stem>up</stem>
        <beam number="1">end</beam>
      </note>
    </measure>
    <!--========================= Measure 4 ==========================-->
    <measure number="4">
      <harmony>
        <root>
          <root-step>F</root-step>
        </root>
        <kind>dominant</kind>
      </harmony>
      <note>
        <pitch>
          <step>G</step>
          <alter>1</alter>
          <octave>4</octave>
        </pitch>
        <duration>10080</duration>
        <type>quarter</type>
        <accidental>sharp</accidental>
      </note>
      <note>
        <rest />
        <duration>10080</duration>
        <type>quarter</type>
      </note>
      <note>
        <rest />
        <duration>10080</duration>
        <type>quarter</type>
      </note>
      <note>
        <pitch>
          <step>G</step>
          <alter>0</alter>
          <octave>5</octave>
        </pitch>
        <duration>2520</duration>
        <type>16th</type>
        <accidental>natural</accidental>
        <stem>down</stem>
        <beam number="1">begin</beam>
        <beam number="2">begin</beam>
      </note>
      <note>
        <pitch>
          <step>F</step>
          <alter>1</alter>
          <octave>5</octave>
        </pitch>
        <duration>2520</duration>
        <type>16th</type>
        <accidental>sharp</accidental>
        <stem>down</stem>
        <beam number="1">continue</beam>
        <beam number="2">end</beam>
      </note>
      <note>
        <pitch>
          <step>F</step>
          <alter>0</alter>
          <octave>5</octave>
        </pitch>
        <duration>2520</duration>
        <type>16th</type>
        <accidental>natural</accidental>
        <stem>down</stem>
        <beam number="1">continue</beam>
        <beam number="2">begin</beam>
      </note>
      <note>
        <pitch>
          <step>E</step>
          <alter>0</alter>
          <octave>5</octave>
        </pitch>
        <duration>2520</duration>
        <type>16th</type>
        <accidental>natural</accidental>
        <stem>down</stem>
        <beam number="1">end</beam>
        <beam number="2">end</beam>
      </note>
    </measure>
    <!--========================= Measure 5 ==========================-->
    <measure number="5">
      <harmony>
        <root>
          <root-step>B</root-step>
          <root-alter>-1</root-alter>
        </root>
        <kind>dominant</kind>
      </harmony>
      <note>
        <pitch>
          <step>E</step>
          <alter>-1</alter>
          <octave>5</octave>
        </pitch>
        <duration>2520</duration>
        <type>16th</type>
        <accidental>flat</accidental>
        <stem>down</stem>
        <beam number="1">begin</beam>
        <beam number="2">begin</beam>
      </note>
      <note>
        <pitch>
          <step>A</step>
          <alter>0</alter>
          <octave>4</octave>
        </pitch>
        <duration>2520</duration>
        <type>16th</type>
        <accidental>natural</accidental>
        <stem>down</stem>
        <beam number="1">continue</beam>
        <beam number="2">end</beam>
      </note>
      <note>
        <pitch>
          <step>B</step>
          <alter>-1</alter>
          <octave>4</octave>
        </pitch>
        <duration>2520</duration>
        <type>16th</type>
        <accidental>flat</accidental>
        <stem>down</stem>
        <beam number="1">continue</beam>
        <beam number="2">begin</beam>
      </note>
      <note>
        <pitch>
          <step>C</step>
          <alter>0</alter>
          <octave>5</octave>
        </pitch>
        <duration>2520</duration>
        <type>16th</type>
        <accidental>natural</accidental>
        <stem>down</stem>
        <beam number="1">end</beam>
        <beam number="2">end</beam>
      </note>
      <note>
        <pitch>
          <step>C</step>
          <alter>1</alter>
          <octave>5</octave>
        </pitch>
        <duration>10080</duration>
        <type>quarter</type>
        <accidental>sharp</accidental>
      </note>
      <note>
        <rest />
        <duration>20160</duration>
        <type>half</type>
      </note>
    </measure>
    <!--========================= Measure 6 ==========================-->
    <measure number="6">
      <harmony>
        <root>
          <root-step>B</root-step>
          <root-alter>-1</root-alter>
        </root>
        <kind>dominant</kind>
      </harmony>
      <note>
        <rest />
        <duration>10080</duration>
        <type>quarter</type>
      </note>
      <note>
        <pitch>
          <step>C</step>
          <alter>0</alter>
          <octave>6</octave>
        </pitch>
        <duration>1680</duration>
        <type>16th</type>
        <accidental>natural</accidental>
        <time-modification>
          <actual-notes>3</actual-notes>
          <normal-notes>2</normal-notes>
          <normal-type>16th</normal-type>
        </time-modification>
        <stem>down</stem>
        <beam number="1">begin</beam>
        <beam number="2">begin</beam>
        <notations>
          <tuplet bracket="yes" number="1" placement="above" type="start">
            <tuplet-actual>
              <tuplet-number>3</tuplet-number>
              <tuplet-type>16th</tuplet-type>
            </tuplet-actual>
            <tuplet-normal>
              <tuplet-number>2</tuplet-number>
              <tuplet-type>16th</tuplet-type>
            </tuplet-normal>
          </tuplet>
        </notations>
      </note>
      <note>
        <pitch>
          <step>C</step>
          <alter>1</alter>
          <octave>6</octave>
        </pitch>
        <duration>1680</duration>
        <type>16th</type>
        <accidental>sharp</accidental>
        <time-modification>
          <actual-notes>3</actual-notes>
          <normal-notes>2</normal-notes>
          <normal-type>16th</normal-type>
        </time-modification>
        <stem>down</stem>
        <beam number="1">continue</beam>
        <beam number="2">continue</beam>
      </note>
      <note>
        <pitch>
          <step>C</step>
          <alter>0</alter>
          <octave>6</octave>
        </pitch>
        <duration>1680</duration>
        <type>16th</type>
        <accidental>natural</accidental>
        <time-modification>
          <actual-notes>3</actual-notes>
          <normal-notes>2</normal-notes>
          <normal-type>16th</normal-type>
        </time-modification>
        <stem>down</stem>
        <beam number="1">continue</beam>
        <beam number="2">end</beam>
        <notations>
          <tuplet number="1" type="stop" />
        </notations>
      </note>
      <note>
        <pitch>
          <step>B</step>
          <alter>-1</alter>
          <octave>5</octave>
        </pitch>
        <duration>2520</duration>
        <type>16th</type>
        <accidental>flat</accidental>
        <stem>down</stem>
        <beam number="1">continue</beam>
        <beam number="2">begin</beam>
      </note>
      <note>
        <pitch>
          <step>G</step>
          <alter>1</alter>
          <octave>5</octave>
        </pitch>
        <duration>2520</duration>
        <type>16th</type>
        <accidental>sharp</accidental>
        <stem>down</stem>
        <beam number="1">end</beam>
        <beam number="2">end</beam>
      </note>
      <note>
        <pitch>
          <step>F</step>
          <alter>0</alter>
          <octave>5</octave>
        </pitch>
        <duration>2520</duration>
        <type>16th</type>
        <accidental>natural</accidental>
        <stem>down</stem>
        <beam number="1">begin</beam>
        <beam number="2">begin</beam>
      </note>
      <note>
        <pitch>
          <step>G</step>
          <alter>1</alter>
          <octave>5</octave>
        </pitch>
        <duration>2520</duration>
        <type>16th</type>
        <accidental>sharp</accidental>
        <stem>down</stem>
        <beam number="1">continue</beam>
        <beam number="2">end</beam>
      </note>
      <note>
        <pitch>
          <step>B</step>
          <alter>-1</alter>
          <octave>5</octave>
        </pitch>
        <duration>2520</duration>
        <type>16th</type>
        <accidental>flat</accidental>
        <stem>down</stem>
        <beam number="1">continue</beam>
        <beam number="2">begin</beam>
      </note>
      <note>
        <pitch>
          <step>C</step>
          <alter>1</alter>
          <octave>6</octave>
        </pitch>
        <duration>2520</duration>
        <type>16th</type>
        <accidental>sharp</accidental>
        <stem>down</stem>
        <beam number="1">end</beam>
        <beam number="2">end</beam>
      </note>
      <note>
        <pitch>
          <step>C</step>
          <alter>0</alter>
          <octave>6</octave>
        </pitch>
        <duration>2520</duration>
        <type>16th</type>
        <accidental>natural</accidental>
        <stem>down</stem>
        <beam number="1">begin</beam>
        <beam number="2">begin</beam>
      </note>
      <note>
        <pitch>
          <step>B</step>
          <alter>-1</alter>
          <octave>5</octave>
        </pitch>
        <duration>2520</duration>
        <type>16th</type>
        <accidental>flat</accidental>
        <stem>down</stem>
        <beam number="1">continue</beam>
        <beam number="2">end</beam>
      </note>
      <note>
        <pitch>
          <step>A</step>
          <alter>0</alter>
          <octave>5</octave>
        </pitch>
        <duration>2520</duration>
        <type>16th</type>
        <accidental>natural</accidental>
        <stem>down</stem>
        <beam number="1">continue</beam>
        <beam number="2">begin</beam>
      </note>
      <note>
        <pitch>
          <step>G</step>
          <alter>0</alter>
          <octave>5</octave>
        </pitch>
        <duration>2520</duration>
        <type>16th</type>
        <accidental>natural</accidental>
        <stem>down</stem>
        <beam number="1">end</beam>
        <beam number="2">end</beam>
      </note>
    </measure>
    <!--========================= Measure 7 ==========================-->
    <measure number="7">
      <harmony>
        <root>
          <root-step>F</root-step>
        </root>
        <kind>dominant</kind>
      </harmony>
      <note>
        <pitch>
          <step>F</step>
          <alter>1</alter>
          <octave>5</octave>
        </pitch>
        <duration>2520</duration>
        <type>16th</type>
        <accidental>sharp</accidental>
        <stem>down</stem>
        <beam number="1">begin</beam>
        <beam number="2">begin</beam>
      </note>
      <note>
        <pitch>
          <step>G</step>
          <alter>0</alter>
          <octave>5</octave>
        </pitch>
        <duration>2520</duration>
        <type>16th</type>
        <accidental>natural</accidental>
        <stem>down</stem>
        <beam number="1">continue</beam>
        <beam number="2">end</beam>
      </note>
      <note>
        <pitch>
          <step>B</step>
          <alter>-1</alter>
          <octave>5</octave>
        </pitch>
        <duration>2520</duration>
        <type>16th</type>
        <accidental>flat</accidental>
        <stem>down</stem>
        <beam number="1">continue</beam>
        <beam number="2">begin</beam>
      </note>
      <note>
        <pitch>
          <step>G</step>
          <alter>0</alter>
          <octave>5</octave>
        </pitch>
        <duration>2520</duration>
        <type>16th</type>
        <stem>down</stem>
        <beam number="1">end</beam>
        <beam number="2">end</beam>
      </note>
      <note>
        <pitch>
          <step>E</step>
          <alter>-1</alter>
          <octave>5</octave>
        </pitch>
        <duration>2520</duration>
        <type>16th</type>
        <accidental>flat</accidental>
        <stem>down</stem>
        <beam number="1">begin</beam>
        <beam number="2">begin</beam>
      </note>
      <note>
        <pitch>
          <step>C</step>
          <alter>0</alter>
          <octave>5</octave>
        </pitch>
        <duration>2520</duration>
        <type>16th</type>
        <accidental>natural</accidental>
        <stem>down</stem>
        <beam number="1">continue</beam>
        <beam number="2">end</beam>
      </note>
      <note>
        <pitch>
          <step>G</step>
          <alter>0</alter>
          <octave>5</octave>
        </pitch>
        <duration>2520</duration>
        <type>16th</type>
        <stem>down</stem>
        <beam number="1">continue</beam>
        <beam number="2">begin</beam>
      </note>
      <note>
        <pitch>
          <step>F</step>
          <alter>0</alter>
          <octave>5</octave>
        </pitch>
        <duration>2520</duration>
        <type>16th</type>
        <accidental>natural</accidental>
        <stem>down</stem>
        <beam number="1">end</beam>
        <beam number="2">end</beam>
      </note>
      <note>
        <pitch>
          <step>E</step>
          <alter>0</alter>
          <octave>5</octave>
        </pitch>
        <duration>2520</duration>
        <type>16th</type>
        <accidental>natural</accidental>
        <stem>down</stem>
        <beam number="1">begin</beam>
        <beam number="2">begin</beam>
      </note>
      <note>
        <pitch>
          <step>C</step>
          <alter>0</alter>
          <octave>5</octave>
        </pitch>
        <duration>2520</duration>
        <type>16th</type>
        <stem>down</stem>
        <beam number="1">continue</beam>
        <beam number="2">end</beam>
      </note>
      <note>
        <pitch>
          <step>A</step>
          <alter>0</alter>
          <octave>4</octave>
        </pitch>
        <duration>2520</duration>
        <type>16th</type>
        <accidental>natural</accidental>
        <stem>down</stem>
        <beam number="1">continue</beam>
        <beam number="2">begin</beam>
      </note>
      <note>
        <pitch>
          <step>B</step>
          <alter>0</alter>
          <octave>4</octave>
        </pitch>
        <duration>2520</duration>
        <type>16th</type>
        <accidental>natural</accidental>
        <stem>down</stem>
        <beam number="1">end</beam>
        <beam number="2">end</beam>
      </note>
      <note>
        <pitch>
          <step>D</step>
          <alter>0</alter>
          <octave>5</octave>
        </pitch>
        <duration>2520</duration>
        <type>16th</type>
        <accidental>natural</accidental>
        <stem>down</stem>
        <beam number="1">begin</beam>
        <beam number="2">begin</beam>
      </note>
      <note>
        <pitch>
          <step>C</step>
          <alter>0</alter>
          <octave>5</octave>
        </pitch>
        <duration>2520</duration>
        <type>16th</type>
        <stem>down</stem>
        <beam number="1">continue</beam>
        <beam number="2">end</beam>
      </note>
      <note>
        <pitch>
          <step>B</step>
          <alter>0</alter>
          <octave>4</octave>
        </pitch>
        <duration>1680</duration>
        <type>16th</type>
        <time-modification>
          <actual-notes>3</actual-notes>
          <normal-notes>2</normal-notes>
          <normal-type>16th</normal-type>
        </time-modification>
        <stem>down</stem>
        <beam number="1">continue</beam>
        <beam number="2">begin</beam>
        <notations>
          <tuplet bracket="yes" number="1" placement="above" type="start">
            <tuplet-actual>
              <tuplet-number>3</tuplet-number>
              <tuplet-type>16th</tuplet-type>
            </tuplet-actual>
            <tuplet-normal>
              <tuplet-number>2</tuplet-number>
              <tuplet-type>16th</tuplet-type>
            </tuplet-normal>
          </tuplet>
        </notations>
      </note>
      <note>
        <pitch>
          <step>C</step>
          <alter>0</alter>
          <octave>5</octave>
        </pitch>
        <duration>1680</duration>
        <type>16th</type>
        <time-modification>
          <actual-notes>3</actual-notes>
          <normal-notes>2</normal-notes>
          <normal-type>16th</normal-type>
        </time-modification>
        <stem>down</stem>
        <beam number="1">continue</beam>
        <beam number="2">continue</beam>
      </note>
      <note>
        <pitch>
          <step>E</step>
          <alter>0</alter>
          <octave>5</octave>
        </pitch>
        <duration>1680</duration>
        <type>16th</type>
        <time-modification>
          <actual-notes>3</actual-notes>
          <normal-notes>2</normal-notes>
          <normal-type>16th</normal-type>
        </time-modification>
        <stem>down</stem>
        <beam number="1">end</beam>
        <beam number="2">end</beam>
        <notations>
          <tuplet number="1" type="stop" />
        </notations>
      </note>
    </measure>
    <!--========================= Measure 8 ==========================-->
    <measure number="8">
      <harmony>
        <root>
          <root-step>D</root-step>
        </root>
        <kind>dominant</kind>
      </harmony>
      <note>
        <pitch>
          <step>G</step>
          <alter>0</alter>
          <octave>5</octave>
        </pitch>
        <duration>2520</duration>
        <type>16th</type>
        <accidental>natural</accidental>
        <stem>down</stem>
        <beam number="1">begin</beam>
        <beam number="2">begin</beam>
      </note>
      <note>
        <pitch>
          <step>F</step>
          <alter>0</alter>
          <octave>5</octave>
        </pitch>
        <duration>2520</duration>
        <type>16th</type>
        <accidental>natural</accidental>
        <stem>down</stem>
        <beam number="1">continue</beam>
        <beam number="2">end</beam>
      </note>
      <note>
        <pitch>
          <step>E</step>
          <alter>0</alter>
          <octave>5</octave>
        </pitch>
        <duration>2520</duration>
        <type>16th</type>
        <accidental>natural</accidental>
        <stem>down</stem>
        <beam number="1">continue</beam>
        <beam number="2">begin</beam>
      </note>
      <note>
        <pitch>
          <step>D</step>
          <alter>0</alter>
          <octave>5</octave>
        </pitch>
        <duration>2520</duration>
        <type>16th</type>
        <accidental>natural</accidental>
        <stem>down</stem>
        <beam number="1">end</beam>
        <beam number="2">end</beam>
      </note>
      <note>
        <pitch>
          <step>C</step>
          <alter>1</alter>
          <octave>5</octave>
        </pitch>
        <duration>2520</duration>
        <type>16th</type>
        <accidental>sharp</accidental>
        <stem>up</stem>
        <beam number="1">begin</beam>
        <beam number="2">begin</beam>
      </note>
      <note>
        <pitch>
          <step>B</step>
          <alter>-1</alter>
          <octave>4</octave>
        </pitch>
        <duration>2520</duration>
        <type>16th</type>
        <accidental>flat</accidental>
        <stem>up</stem>
        <beam number="1">continue</beam>
        <beam number="2">end</beam>
      </note>
      <note>
        <pitch>
          <step>A</step>
          <alter>0</alter>
          <octave>4</octave>
        </pitch>
        <duration>2520</duration>
        <type>16th</type>
        <accidental>natural</accidental>
        <stem>up</stem>
        <beam number="1">continue</beam>
        <beam number="2">begin</beam>
      </note>
      <note>
        <pitch>
          <step>G</step>
          <alter>0</alter>
          <octave>4</octave>
        </pitch>
        <duration>2520</duration>
        <type>16th</type>
        <stem>up</stem>
        <beam number="1">end</beam>
        <beam number="2">end</beam>
      </note>
      <note>
        <pitch>
          <step>F</step>
          <alter>1</alter>
          <octave>4</octave>
        </pitch>
        <duration>2520</duration>
        <type>16th</type>
        <accidental>sharp</accidental>
        <stem>up</stem>
        <beam number="1">begin</beam>
        <beam number="2">begin</beam>
      </note>
      <note>
        <pitch>
          <step>E</step>
          <alter>-1</alter>
          <octave>5</octave>
        </pitch>
        <duration>2520</duration>
        <type>16th</type>
        <accidental>flat</accidental>
        <stem>up</stem>
        <beam number="1">continue</beam>
        <beam number="2">end</beam>
      </note>
      <note>
        <pitch>
          <step>D</step>
          <alter>0</alter>
          <octave>5</octave>
        </pitch>
        <duration>2520</duration>
        <type>16th</type>
        <stem>up</stem>
        <beam number="1">continue</beam>
        <beam number="2">begin</beam>
      </note>
      <note>
        <pitch>
          <step>C</step>
          <alter>0</alter>
          <octave>5</octave>
        </pitch>
        <duration>2520</duration>
        <type>16th</type>
        <accidental>natural</accidental>
        <stem>up</stem>
        <beam number="1">end</beam>
        <beam number="2">end</beam>
      </note>
      <note>
        <pitch>
          <step>B</step>
          <alter>0</alter>
          <octave>4</octave>
        </pitch>
        <duration>2520</duration>
        <type>16th</type>
        <accidental>natural</accidental>
        <stem>up</stem>
        <beam number="1">begin</beam>
        <beam number="2">begin</beam>
      </note>
      <note>
        <pitch>
          <step>D</step>
          <alter>0</alter>
          <octave>4</octave>
        </pitch>
        <duration>2520</duration>
        <type>16th</type>
        <stem>up</stem>
        <beam number="1">continue</beam>
        <beam number="2">end</beam>
      </note>
      <note>
        <pitch>
          <step>F</step>
          <alter>0</alter>
          <octave>4</octave>
        </pitch>
        <duration>2520</duration>
        <type>16th</type>
        <accidental>natural</accidental>
        <stem>up</stem>
        <beam number="1">continue</beam>
        <beam number="2">begin</beam>
      </note>
      <note>
        <pitch>
          <step>G</step>
          <alter>0</alter>
          <octave>4</octave>
        </pitch>
        <duration>2520</duration>
        <type>16th</type>
        <stem>up</stem>
        <beam number="1">end</beam>
        <beam number="2">end</beam>
      </note>
    </measure>
    <!--========================= Measure 9 ==========================-->
    <measure number="9">
      <harmony>
        <root>
          <root-step>G</root-step>
        </root>
        <kind>minor</kind>
      </harmony>
      <note>
        <pitch>
          <step>G</step>
          <alter>1</alter>
          <octave>4</octave>
        </pitch>
        <duration>5040</duration>
        <type>eighth</type>
        <accidental>sharp</accidental>
        <stem>up</stem>
        <beam number="1">begin</beam>
      </note>
      <note>
        <pitch>
          <step>F</step>
          <alter>0</alter>
          <octave>4</octave>
        </pitch>
        <duration>2520</duration>
        <type>16th</type>
        <accidental>natural</accidental>
        <stem>up</stem>
        <beam number="1">continue</beam>
        <beam number="2">begin</beam>
      </note>
      <note>
        <pitch>
          <step>D</step>
          <alter>0</alter>
          <octave>4</octave>
        </pitch>
        <duration>2520</duration>
        <type>16th</type>
        <accidental>natural</accidental>
        <stem>up</stem>
        <beam number="1">end</beam>
        <beam number="2">end</beam>
      </note>
      <note>
        <pitch>
          <step>E</step>
          <alter>-1</alter>
          <octave>4</octave>
        </pitch>
        <duration>2520</duration>
        <type>16th</type>
        <accidental>flat</accidental>
        <stem>up</stem>
        <beam number="1">begin</beam>
        <beam number="2">begin</beam>
      </note>
      <note>
        <pitch>
          <step>E</step>
          <alter>0</alter>
          <octave>4</octave>
        </pitch>
        <duration>2520</duration>
        <type>16th</type>
        <accidental>natural</accidental>
        <stem>up</stem>
        <beam number="1">continue</beam>
        <beam number="2">end</beam>
      </note>
      <note>
        <pitch>
          <step>F</step>
          <alter>0</alter>
          <octave>4</octave>
        </pitch>
        <duration>2520</duration>
        <type>16th</type>
        <stem>up</stem>
        <beam number="1">continue</beam>
        <beam number="2">begin</beam>
      </note>
      <note>
        <pitch>
          <step>G</step>
          <alter>0</alter>
          <octave>4</octave>
        </pitch>
        <duration>2520</duration>
        <type>16th</type>
        <accidental>natural</accidental>
        <stem>up</stem>
        <beam number="1">end</beam>
        <beam number="2">end</beam>
      </note>
      <note>
        <pitch>
          <step>A</step>
          <alter>0</alter>
          <octave>4</octave>
        </pitch>
        <duration>2520</duration>
        <type>16th</type>
        <accidental>natural</accidental>
        <stem>up</stem>
        <beam number="1">begin</beam>
        <beam number="2">begin</beam>
      </note>
      <note>
        <pitch>
          <step>F</step>
          <alter>0</alter>
          <octave>4</octave>
        </pitch>
        <duration>2520</duration>
        <type>16th</type>
        <stem>up</stem>
        <beam number="1">continue</beam>
        <beam number="2">end</beam>
      </note>
      <note>
        <pitch>
          <step>G</step>
          <alter>0</alter>
          <octave>4</octave>
        </pitch>
        <duration>2520</duration>
        <type>16th</type>
        <stem>up</stem>
        <beam number="1">continue</beam>
        <beam number="2">begin</beam>
      </note>
      <note>
        <pitch>
          <step>D</step>
          <alter>0</alter>
          <octave>4</octave>
        </pitch>
        <duration>2520</duration>
        <type>16th</type>
        <stem>up</stem>
        <beam number="1">end</beam>
        <beam number="2">end</beam>
      </note>
      <note>
        <pitch>
          <step>D</step>
          <alter>0</alter>
          <octave>4</octave>
        </pitch>
        <duration>2520</duration>
        <type>16th</type>
        <accidental>natural</accidental>
        <stem>up</stem>
        <beam number="1">begin</beam>
        <beam number="2">begin</beam>
      </note>
      <note>
        <pitch>
          <step>E</step>
          <alter>-1</alter>
          <octave>4</octave>
        </pitch>
        <duration>2520</duration>
        <type>16th</type>
        <accidental>flat</accidental>
        <stem>up</stem>
        <beam number="1">continue</beam>
        <beam number="2">end</beam>
      </note>
      <note>
        <pitch>
          <step>E</step>
          <alter>0</alter>
          <octave>4</octave>
        </pitch>
        <duration>2520</duration>
        <type>16th</type>
        <accidental>natural</accidental>
        <stem>up</stem>
        <beam number="1">continue</beam>
        <beam number="2">begin</beam>
      </note>
      <note>
        <pitch>
          <step>G</step>
          <alter>0</alter>
          <octave>4</octave>
        </pitch>
        <duration>2520</duration>
        <type>16th</type>
        <stem>up</stem>
        <beam number="1">end</beam>
        <beam number="2">end</beam>
      </note>
    </measure>
    <!--========================= Measure 10 =========================-->
    <measure number="10">
      <harmony>
        <root>
          <root-step>C</root-step>
        </root>
        <kind>dominant</kind>
      </harmony>
      <note>
        <pitch>
          <step>B</step>
          <alter>-1</alter>
          <octave>4</octave>
        </pitch>
        <duration>2520</duration>
        <type>16th</type>
        <accidental>flat</accidental>
        <stem>up</stem>
        <beam number="1">begin</beam>
        <beam number="2">begin</beam>
      </note>
      <note>
        <pitch>
          <step>G</step>
          <alter>0</alter>
          <octave>4</octave>
        </pitch>
        <duration>2520</duration>
        <type>16th</type>
        <accidental>natural</accidental>
        <stem>up</stem>
        <beam number="1">continue</beam>
        <beam number="2">end</beam>
      </note>
      <note>
        <pitch>
          <step>F</step>
          <alter>0</alter>
          <octave>4</octave>
        </pitch>
        <duration>2520</duration>
        <type>16th</type>
        <accidental>natural</accidental>
        <stem>up</stem>
        <beam number="1">continue</beam>
        <beam number="2">begin</beam>
      </note>
      <note>
        <pitch>
          <step>D</step>
          <alter>0</alter>
          <octave>4</octave>
        </pitch>
        <duration>2520</duration>
        <type>16th</type>
        <accidental>natural</accidental>
        <stem>up</stem>
        <beam number="1">end</beam>
        <beam number="2">end</beam>
      </note>
      <note>
        <pitch>
          <step>E</step>
          <alter>0</alter>
          <octave>4</octave>
        </pitch>
        <duration>10080</duration>
        <type>quarter</type>
        <accidental>natural</accidental>
      </note>
      <note>
        <rest />
        <duration>2520</duration>
        <type>16th</type>
      </note>
      <note>
        <pitch>
          <step>C</step>
          <alter>1</alter>
          <octave>5</octave>
        </pitch>
        <duration>2520</duration>
        <type>16th</type>
        <accidental>sharp</accidental>
        <stem>down</stem>
        <beam number="1">begin</beam>
        <beam number="2">begin</beam>
      </note>
      <note>
        <pitch>
          <step>B</step>
          <alter>-1</alter>
          <octave>4</octave>
        </pitch>
        <duration>2520</duration>
        <type>16th</type>
        <accidental>flat</accidental>
        <stem>down</stem>
        <beam number="1">continue</beam>
        <beam number="2">continue</beam>
      </note>
      <note>
        <pitch>
          <step>B</step>
          <alter>0</alter>
          <octave>4</octave>
        </pitch>
        <duration>2520</duration>
        <type>16th</type>
        <accidental>natural</accidental>
        <stem>down</stem>
        <beam number="1">end</beam>
        <beam number="2">end</beam>
      </note>
      <note>
        <pitch>
          <step>C</step>
          <alter>0</alter>
          <octave>5</octave>
        </pitch>
        <duration>2520</duration>
        <type>16th</type>
        <accidental>natural</accidental>
        <stem>down</stem>
        <beam number="1">begin</beam>
        <beam number="2">begin</beam>
      </note>
      <note>
        <pitch>
          <step>E</step>
          <alter>0</alter>
          <octave>4</octave>
        </pitch>
        <duration>2520</duration>
        <type>16th</type>
        <stem>down</stem>
        <beam number="1">continue</beam>
        <beam number="2">end</beam>
      </note>
      <note>
        <pitch>
          <step>F</step>
          <alter>0</alter>
          <octave>4</octave>
        </pitch>
        <duration>2520</duration>
        <type>16th</type>
        <stem>down</stem>
        <beam number="1">continue</beam>
        <beam number="2">begin</beam>
      </note>
      <note>
        <pitch>
          <step>B</step>
          <alter>-1</alter>
          <octave>4</octave>
        </pitch>
        <duration>2520</duration>
        <type>16th</type>
        <accidental>flat</accidental>
        <stem>down</stem>
        <beam number="1">end</beam>
        <beam number="2">end</beam>
      </note>
    </measure>
    <!--========================= Measure 11 =========================-->
    <measure number="11">
      <harmony>
        <root>
          <root-step>F</root-step>
        </root>
        <kind>dominant</kind>
      </harmony>
      <note>
        <pitch>
          <step>G</step>
          <alter>0</alter>
          <octave>4</octave>
        </pitch>
        <duration>2520</duration>
        <type>16th</type>
        <accidental>natural</accidental>
        <stem>up</stem>
        <beam number="1">begin</beam>
        <beam number="2">begin</beam>
      </note>
      <note>
        <pitch>
          <step>G</step>
          <alter>1</alter>
          <octave>4</octave>
        </pitch>
        <duration>2520</duration>
        <type>16th</type>
        <accidental>sharp</accidental>
        <stem>up</stem>
        <beam number="1">continue</beam>
        <beam number="2">end</beam>
      </note>
      <note>
        <pitch>
          <step>A</step>
          <alter>0</alter>
          <octave>4</octave>
        </pitch>
        <duration>2520</duration>
        <type>16th</type>
        <accidental>natural</accidental>
        <stem>up</stem>
        <beam number="1">continue</beam>
        <beam number="2">begin</beam>
      </note>
      <note>
        <pitch>
          <step>F</step>
          <alter>0</alter>
          <octave>4</octave>
        </pitch>
        <duration>2520</duration>
        <type>16th</type>
        <accidental>natural</accidental>
        <stem>up</stem>
        <beam number="1">end</beam>
        <beam number="2">end</beam>
      </note>
      <note>
        <pitch>
          <step>G</step>
          <alter>0</alter>
          <octave>4</octave>
        </pitch>
        <duration>10080</duration>
        <type>quarter</type>
        <accidental>natural</accidental>
      </note>
      <harmony>
        <root>
          <root-step>D</root-step>
        </root>
        <kind>dominant</kind>
      </harmony>
      <note>
        <rest />
        <duration>20160</duration>
        <type>half</type>
      </note>
    </measure>
    <!--========================= Measure 12 =========================-->
    <measure number="12">
      <harmony>
        <root>
          <root-step>G</root-step>
        </root>
        <kind>minor</kind>
      </harmony>
      <note>
        <rest />
        <duration>10080</duration>
        <type>quarter</type>
      </note>
      <note>
        <rest />
        <duration>5040</duration>
        <type>eighth</type>
      </note>
      <note>
        <pitch>
          <step>A</step>
          <alter>0</alter>
          <octave>5</octave>
        </pitch>
        <duration>5040</duration>
        <type>eighth</type>
        <accidental>natural</accidental>
      </note>
      <harmony>
        <root>
          <root-step>C</root-step>
        </root>
        <kind>dominant</kind>
      </harmony>
      <note>
        <pitch>
          <step>A</step>
          <alter>0</alter>
          <octave>5</octave>
        </pitch>
        <duration>10080</duration>
        <type>quarter</type>
      </note>
      <note>
        <pitch>
          <step>C</step>
          <alter>0</alter>
          <octave>6</octave>
        </pitch>
        <duration>5040</duration>
        <type>eighth</type>
        <accidental>natural</accidental>
        <stem>down</stem>
        <beam number="1">begin</beam>
      </note>
      <note>
        <pitch>
          <step>F</step>
          <alter>0</alter>
          <octave>6</octave>
        </pitch>
        <duration>5040</duration>
        <type>eighth</type>
        <accidental>natural</accidental>
        <stem>down</stem>
        <beam number="1">end</beam>
      </note>
    </measure>
    <!--========================= Measure 13 =========================-->
    <measure number="13">
      <harmony>
        <root>
          <root-step>F</root-step>
        </root>
        <kind>dominant</kind>
      </harmony>
      <note>
        <pitch>
          <step>E</step>
          <alter>0</alter>
          <octave>6</octave>
        </pitch>
        <duration>1680</duration>
        <type>16th</type>
        <accidental>natural</accidental>
        <time-modification>
          <actual-notes>3</actual-notes>
          <normal-notes>2</normal-notes>
          <normal-type>16th</normal-type>
        </time-modification>
        <stem>down</stem>
        <beam number="1">begin</beam>
        <beam number="2">begin</beam>
        <notations>
          <tuplet bracket="yes" number="1" placement="above" type="start">
            <tuplet-actual>
              <tuplet-number>3</tuplet-number>
              <tuplet-type>16th</tuplet-type>
            </tuplet-actual>
            <tuplet-normal>
              <tuplet-number>2</tuplet-number>
              <tuplet-type>16th</tuplet-type>
            </tuplet-normal>
          </tuplet>
        </notations>
      </note>
      <note>
        <pitch>
          <step>F</step>
          <alter>0</alter>
          <octave>6</octave>
        </pitch>
        <duration>1680</duration>
        <type>16th</type>
        <accidental>natural</accidental>
        <time-modification>
          <actual-notes>3</actual-notes>
          <normal-notes>2</normal-notes>
          <normal-type>16th</normal-type>
        </time-modification>
        <stem>down</stem>
        <beam number="1">continue</beam>
        <beam number="2">continue</beam>
      </note>
      <note>
        <pitch>
          <step>E</step>
          <alter>0</alter>
          <octave>6</octave>
        </pitch>
        <duration>1680</duration>
        <type>16th</type>
        <time-modification>
          <actual-notes>3</actual-notes>
          <normal-notes>2</normal-notes>
          <normal-type>16th</normal-type>
        </time-modification>
        <stem>down</stem>
        <beam number="1">continue</beam>
        <beam number="2">end</beam>
        <notations>
          <tuplet number="1" type="stop" />
        </notations>
      </note>
      <note>
        <pitch>
          <step>C</step>
          <alter>0</alter>
          <octave>6</octave>
        </pitch>
        <duration>5040</duration>
        <type>eighth</type>
        <accidental>natural</accidental>
        <stem>down</stem>
        <beam number="1">end</beam>
      </note>
      <note>
        <pitch>
          <step>C</step>
          <alter>0</alter>
          <octave>6</octave>
        </pitch>
        <duration>10080</duration>
        <type>quarter</type>
      </note>
      <note>
        <rest />
        <duration>20160</duration>
        <type>half</type>
      </note>
      <barline location="right">
        <bar-style>light-heavy</bar-style>
      </barline>
    </measure>
  </part>
</score-partwise>